Wall time,Step,Value
1643734820.789672,0,237.7336883544922
