Wall time,Step,Value
1643734888.462198,0,1241.2142333984375
