Wall time,Step,Value
1643746717.0530248,0,3.10748028755188
