Wall time,Step,Value
1643736079.0662267,0,1035.8548583984375
