Wall time,Step,Value
1643734888.4622684,0,233.44215393066406
