Wall time,Step,Value
1643736079.0661438,0,2090.693115234375
