Wall time,Step,Value
1643734820.7895875,0,913.0601196289062
