Wall time,Step,Value
1643734796.3088176,0,11.321657180786133
