Wall time,Step,Value
1643734788.1442902,0,52.98602294921875
