Wall time,Step,Value
1643734796.3087456,0,187.95376586914062
