Wall time,Step,Value
1643734788.1443727,0,1.0964170694351196
