Wall time,Step,Value
1643746717.0527992,0,3775.180419921875
