Wall time,Step,Value
1643734806.7554567,0,270.6472473144531
