Wall time,Step,Value
1643734806.755203,0,743.2662353515625
